{"cameraMode":{"drawMode":0,"name":"Shaded","section":"Shading Mode"},"sceneLighting":true,"audioPlay":false,"sceneViewState":{"showFog":false,"showMaterialUpdate":false,"showSkybox":false,"showFlares":false,"showImageEffects":false,"showParticleSystems":false},"in2DMode":false,"pivot":{"x":-1.1403260231018067,"y":2.302420139312744,"z":2.380866527557373},"rotation":{"x":-0.024726267904043199,"y":0.6695458292961121,"z":-0.022310109809041024,"w":-0.742024838924408},"size":2.196439504623413,"orthographic":false}