{"cameraMode":{"drawMode":0,"name":"Shaded","section":"Shading Mode"},"sceneLighting":true,"audioPlay":false,"sceneViewState":{"showFog":false,"showMaterialUpdate":false,"showSkybox":false,"showFlares":false,"showImageEffects":false,"showParticleSystems":false},"in2DMode":false,"pivot":{"x":2.624095916748047,"y":-0.13971897959709168,"z":-0.95012366771698},"rotation":{"x":-0.23922890424728394,"y":0.752963125705719,"z":-0.4928217828273773,"w":-0.3652136027812958},"size":2.4073948860168459,"orthographic":false}