{"cameraMode":{"drawMode":0,"name":"Shaded","section":"Shading Mode"},"sceneLighting":true,"audioPlay":false,"sceneViewState":{"showFog":false,"showMaterialUpdate":false,"showSkybox":false,"showFlares":false,"showImageEffects":false,"showParticleSystems":false},"in2DMode":false,"pivot":{"x":2.3985273838043215,"y":0.5484567880630493,"z":5.203831672668457},"rotation":{"x":-0.1642266809940338,"y":-0.34276607632637026,"z":0.049371566623449329,"w":-0.9242679476737976},"size":4.8178911209106449,"orthographic":false}