{"cameraMode":{"drawMode":0,"name":"Shaded","section":"Shading Mode"},"sceneLighting":true,"audioPlay":false,"sceneViewState":{"showFog":false,"showMaterialUpdate":false,"showSkybox":false,"showFlares":false,"showImageEffects":false,"showParticleSystems":false},"in2DMode":false,"pivot":{"x":0.16814978420734406,"y":-0.43999767303466799,"z":-2.2950077056884767},"rotation":{"x":0.10237924009561539,"y":-0.8135797381401062,"z":0.5472578406333923,"w":0.17046718299388886},"size":0.7075216174125671,"orthographic":false}