{"cameraMode":{"drawMode":0,"name":"Shaded","section":"Shading Mode"},"sceneLighting":true,"audioPlay":false,"sceneViewState":{"showFog":false,"showMaterialUpdate":false,"showSkybox":false,"showFlares":false,"showImageEffects":false,"showParticleSystems":false},"in2DMode":false,"pivot":{"x":-0.33753418922424319,"y":2.529910087585449,"z":0.059658050537109378},"rotation":{"x":0.1951749473810196,"y":-0.5053585767745972,"z":0.1328125149011612,"w":0.8306939005851746},"size":6.154296398162842,"orthographic":false}