{"cameraMode":{"drawMode":0,"name":"Shaded","section":"Shading Mode"},"sceneLighting":true,"audioPlay":false,"sceneViewState":{"showFog":false,"showMaterialUpdate":false,"showSkybox":false,"showFlares":false,"showImageEffects":false,"showParticleSystems":false},"in2DMode":false,"pivot":{"x":2.187861919403076,"y":-1.5750564336776734,"z":-4.410889625549316},"rotation":{"x":0.08447302132844925,"y":-0.8989576101303101,"z":0.3515975773334503,"w":0.24945734441280366},"size":1.573357343673706,"orthographic":false}