{"cameraMode":{"drawMode":0,"name":"Shaded","section":"Shading Mode"},"sceneLighting":true,"audioPlay":false,"sceneViewState":{"showFog":false,"showMaterialUpdate":false,"showSkybox":false,"showFlares":false,"showImageEffects":false,"showParticleSystems":false},"in2DMode":false,"pivot":{"x":3.0753931999206545,"y":0.6154106855392456,"z":-0.6846972107887268},"rotation":{"x":-0.26762014627456667,"y":-0.6657922267913818,"z":0.260176420211792,"w":-0.646799623966217},"size":0.23212890326976777,"orthographic":false}