{"cameraMode":{"drawMode":0,"name":"Shaded","section":"Shading Mode"},"sceneLighting":true,"audioPlay":false,"sceneViewState":{"showFog":false,"showMaterialUpdate":false,"showSkybox":false,"showFlares":false,"showImageEffects":false,"showParticleSystems":false},"in2DMode":false,"pivot":{"x":2.4711833000183107,"y":0.9556233882904053,"z":-0.2875998318195343},"rotation":{"x":-0.20101182162761689,"y":0.7612149119377136,"z":-0.2815283238887787,"w":-0.5490813255310059},"size":1.207395076751709,"orthographic":false}