{"cameraMode":{"drawMode":0,"name":"Shaded","section":"Shading Mode"},"sceneLighting":false,"audioPlay":false,"sceneViewState":{"showFog":false,"showMaterialUpdate":false,"showSkybox":false,"showFlares":false,"showImageEffects":false,"showParticleSystems":false},"in2DMode":false,"pivot":{"x":2.7142090797424318,"y":2.635999917984009,"z":-0.38344472646713259},"rotation":{"x":-0.0705055221915245,"y":-0.9356362223625183,"z":0.2860983908176422,"w":-0.1967562437057495},"size":0.1973077952861786,"orthographic":false}