{"cameraMode":{"drawMode":0,"name":"Shaded","section":"Shading Mode"},"sceneLighting":true,"audioPlay":false,"sceneViewState":{"showFog":false,"showMaterialUpdate":false,"showSkybox":false,"showFlares":false,"showImageEffects":false,"showParticleSystems":false},"in2DMode":false,"pivot":{"x":2.70664119720459,"y":0.6448151469230652,"z":-0.5452148914337158},"rotation":{"x":-0.437437504529953,"y":0.5399031043052673,"z":-0.4057311415672302,"w":-0.5943769812583923},"size":0.36040669679641726,"orthographic":false}