{"cameraMode":{"drawMode":0,"name":"Shaded","section":"Shading Mode"},"sceneLighting":false,"audioPlay":false,"sceneViewState":{"showFog":false,"showMaterialUpdate":false,"showSkybox":false,"showFlares":false,"showImageEffects":false,"showParticleSystems":false},"in2DMode":false,"pivot":{"x":1.4149999618530274,"y":1.590000033378601,"z":3.2049999237060549},"rotation":{"x":-0.26762014627456667,"y":-0.6657922267913818,"z":0.260176420211792,"w":-0.646799623966217},"size":1.3203809261322022,"orthographic":false}