{"cameraMode":{"drawMode":0,"name":"Shaded","section":"Shading Mode"},"sceneLighting":false,"audioPlay":false,"sceneViewState":{"showFog":false,"showMaterialUpdate":false,"showSkybox":false,"showFlares":false,"showImageEffects":false,"showParticleSystems":false},"in2DMode":false,"pivot":{"x":2.7142090797424318,"y":2.635999917984009,"z":-0.38344472646713259},"rotation":{"x":-0.3585582375526428,"y":-0.11672627925872803,"z":0.033900998532772067,"w":-0.9261175394058228},"size":0.1973077952861786,"orthographic":false}