{"cameraMode":{"drawMode":0,"name":"Shaded","section":"Shading Mode"},"sceneLighting":true,"audioPlay":false,"sceneViewState":{"showFog":false,"showMaterialUpdate":false,"showSkybox":false,"showFlares":false,"showImageEffects":false,"showParticleSystems":false},"in2DMode":false,"pivot":{"x":3.5244455337524416,"y":0.2363996058702469,"z":-2.9748122692108156},"rotation":{"x":-0.011485431343317032,"y":-0.005970683414489031,"z":-0.01073134783655405,"w":-1.0003817081451417},"size":0.1973077952861786,"orthographic":false}