{"cameraMode":{"drawMode":0,"name":"Shaded","section":"Shading Mode"},"sceneLighting":true,"audioPlay":false,"sceneViewState":{"showFog":false,"showMaterialUpdate":false,"showSkybox":false,"showFlares":false,"showImageEffects":false,"showParticleSystems":false},"in2DMode":false,"pivot":{"x":3.02449107170105,"y":0.5835502743721008,"z":0.6695771813392639},"rotation":{"x":-0.30944475531578066,"y":0.3280485272407532,"z":-0.11471211165189743,"w":-0.8851941227912903},"size":2.241330623626709,"orthographic":false}