{"cameraMode":{"drawMode":0,"name":"Shaded","section":"Shading Mode"},"sceneLighting":true,"audioPlay":false,"sceneViewState":{"showFog":false,"showMaterialUpdate":false,"showSkybox":false,"showFlares":false,"showImageEffects":false,"showParticleSystems":false},"in2DMode":false,"pivot":{"x":-0.21834832429885865,"y":1.0880507230758668,"z":-0.865132749080658},"rotation":{"x":-0.047109879553318027,"y":0.9417689442634583,"z":-0.2978473901748657,"w":-0.14897394180297852},"size":1.1597378253936768,"orthographic":false}