{"cameraMode":{"drawMode":0,"name":"Shaded","section":"Shading Mode"},"sceneLighting":true,"audioPlay":false,"sceneViewState":{"showFog":false,"showMaterialUpdate":false,"showSkybox":false,"showFlares":false,"showImageEffects":false,"showParticleSystems":false},"in2DMode":false,"pivot":{"x":4.870355129241943,"y":1.850590705871582,"z":-1.1935882568359376},"rotation":{"x":-0.16760016977787019,"y":0.5457674860954285,"z":-0.12607340514659882,"w":-0.8119096159934998},"size":0.7973078489303589,"orthographic":false}