{"cameraMode":{"drawMode":0,"name":"Shaded","section":"Shading Mode"},"sceneLighting":true,"audioPlay":false,"sceneViewState":{"showFog":false,"showMaterialUpdate":false,"showSkybox":false,"showFlares":false,"showImageEffects":false,"showParticleSystems":false},"in2DMode":false,"pivot":{"x":2.360236883163452,"y":0.0567157045006752,"z":-0.5389468669891357},"rotation":{"x":-0.3983226418495178,"y":0.5798850655555725,"z":-0.40226712822914126,"w":-0.5865169167518616},"size":0.6604067087173462,"orthographic":false}