{"cameraMode":{"drawMode":0,"name":"Shaded","section":"Shading Mode"},"sceneLighting":true,"audioPlay":false,"sceneViewState":{"showFog":false,"showMaterialUpdate":false,"showSkybox":false,"showFlares":false,"showImageEffects":false,"showParticleSystems":false},"in2DMode":false,"pivot":{"x":1.2655694484710694,"y":-1.198153018951416,"z":-4.271603107452393},"rotation":{"x":-0.0705055221915245,"y":-0.9356362223625183,"z":0.2860983908176422,"w":-0.1967562437057495},"size":5.359808444976807,"orthographic":false}