{"cameraMode":{"drawMode":0,"name":"Shaded","section":"Shading Mode"},"sceneLighting":false,"audioPlay":false,"sceneViewState":{"showFog":false,"showMaterialUpdate":false,"showSkybox":false,"showFlares":false,"showImageEffects":false,"showParticleSystems":false},"in2DMode":false,"pivot":{"x":-0.02029070258140564,"y":1.579001784324646,"z":0.7099999785423279},"rotation":{"x":-0.20619872212409974,"y":0.7778443694114685,"z":-0.3201836049556732,"w":-0.5003606081008911},"size":1.1784069538116456,"orthographic":false}