{"cameraMode":{"drawMode":0,"name":"Shaded","section":"Shading Mode"},"sceneLighting":true,"audioPlay":false,"sceneViewState":{"showFog":false,"showMaterialUpdate":false,"showSkybox":false,"showFlares":false,"showImageEffects":false,"showParticleSystems":false},"in2DMode":false,"pivot":{"x":2.845872640609741,"y":0.8712000250816345,"z":-0.6278083324432373},"rotation":{"x":0.31140750646591189,"y":0.7003223299980164,"z":-0.4654732346534729,"w":0.4438115954399109},"size":0.02033144235610962,"orthographic":false}