{"cameraMode":{"drawMode":0,"name":"Shaded","section":"Shading Mode"},"sceneLighting":true,"audioPlay":false,"sceneViewState":{"showFog":false,"showMaterialUpdate":false,"showSkybox":false,"showFlares":false,"showImageEffects":false,"showParticleSystems":false},"in2DMode":false,"pivot":{"x":2.037172555923462,"y":0.7265816926956177,"z":-1.238638997077942},"rotation":{"x":-0.008802867494523526,"y":0.9872665405273438,"z":-0.1045687347650528,"w":-0.12266702950000763},"size":0.6604067087173462,"orthographic":false}