{"cameraMode":{"drawMode":0,"name":"Shaded","section":"Shading Mode"},"sceneLighting":true,"audioPlay":false,"sceneViewState":{"showFog":false,"showMaterialUpdate":false,"showSkybox":false,"showFlares":false,"showImageEffects":false,"showParticleSystems":false},"in2DMode":false,"pivot":{"x":0.5821795463562012,"y":0.18885363638401032,"z":-0.627676248550415},"rotation":{"x":-0.111336350440979,"y":0.8825765252113342,"z":-0.2631891369819641,"w":-0.37335455417633059},"size":2.196439504623413,"orthographic":false}