{"cameraMode":{"drawMode":0,"name":"Shaded","section":"Shading Mode"},"sceneLighting":true,"audioPlay":false,"sceneViewState":{"showFog":false,"showMaterialUpdate":false,"showSkybox":false,"showFlares":false,"showImageEffects":false,"showParticleSystems":false},"in2DMode":false,"pivot":{"x":1.0866210460662842,"y":0.4047001600265503,"z":-2.6744744777679445},"rotation":{"x":-0.19906198978424073,"y":0.7127472162246704,"z":-0.2231462001800537,"w":-0.6348286271095276},"size":0.8250003457069397,"orthographic":false}