{"cameraMode":{"drawMode":0,"name":"Shaded","section":"Shading Mode"},"sceneLighting":true,"audioPlay":false,"sceneViewState":{"showFog":false,"showMaterialUpdate":false,"showSkybox":false,"showFlares":false,"showImageEffects":false,"showParticleSystems":false},"in2DMode":false,"pivot":{"x":-1.40486741065979,"y":1.20176362991333,"z":-0.82488614320755},"rotation":{"x":-0.04148780182003975,"y":0.38456472754478457,"z":-0.027600497007369996,"w":-0.9222987294197083},"size":1.4660282135009766,"orthographic":false}