{"cameraMode":{"drawMode":0,"name":"Shaded","section":"Shading Mode"},"sceneLighting":true,"audioPlay":false,"sceneViewState":{"showFog":false,"showMaterialUpdate":false,"showSkybox":false,"showFlares":false,"showImageEffects":false,"showParticleSystems":false},"in2DMode":false,"pivot":{"x":2.4780614376068117,"y":0.6833036541938782,"z":-0.529693067073822},"rotation":{"x":0.313831627368927,"y":-0.6549683809280396,"z":0.36390241980552676,"w":0.5838853716850281},"size":0.3073950409889221,"orthographic":false}