{"cameraMode":{"drawMode":0,"name":"Shaded","section":"Shading Mode"},"sceneLighting":true,"audioPlay":false,"sceneViewState":{"showFog":false,"showMaterialUpdate":false,"showSkybox":false,"showFlares":false,"showImageEffects":false,"showParticleSystems":false},"in2DMode":false,"pivot":{"x":-0.4890250265598297,"y":0.9379892349243164,"z":0.2896951138973236},"rotation":{"x":-0.07618515193462372,"y":0.5839146971702576,"z":-0.060844212770462039,"w":-0.8064029216766357},"size":0.6604067087173462,"orthographic":false}