{"cameraMode":{"drawMode":0,"name":"Shaded","section":"Shading Mode"},"sceneLighting":false,"audioPlay":false,"sceneViewState":{"showFog":false,"showMaterialUpdate":false,"showSkybox":false,"showFlares":false,"showImageEffects":false,"showParticleSystems":false},"in2DMode":false,"pivot":{"x":2.7142090797424318,"y":2.635999917984009,"z":-0.38344472646713259},"rotation":{"x":-0.011485431343317032,"y":-0.005970683414489031,"z":-0.01073134783655405,"w":-1.0003817081451417},"size":0.1973077952861786,"orthographic":false}