{"cameraMode":{"drawMode":0,"name":"Shaded","section":"Shading Mode"},"sceneLighting":true,"audioPlay":false,"sceneViewState":{"showFog":false,"showMaterialUpdate":false,"showSkybox":false,"showFlares":false,"showImageEffects":false,"showParticleSystems":false},"in2DMode":false,"pivot":{"x":2.7289206981658937,"y":0.9200013875961304,"z":-3.0648510456085207},"rotation":{"x":-0.12980180978775025,"y":0.6584514379501343,"z":-0.11641563475131989,"w":-0.7324972152709961},"size":0.03544659912586212,"orthographic":false}