{"cameraMode":{"drawMode":0,"name":"Shaded","section":"Shading Mode"},"sceneLighting":true,"audioPlay":false,"sceneViewState":{"showFog":false,"showMaterialUpdate":false,"showSkybox":false,"showFlares":false,"showImageEffects":false,"showParticleSystems":false},"in2DMode":false,"pivot":{"x":-10.949109077453614,"y":-11.52531909942627,"z":3.8061184883117677},"rotation":{"x":0.2837223708629608,"y":-0.5524234175682068,"z":0.2246759980916977,"w":0.7517004609107971},"size":11.388553619384766,"orthographic":false}