{"cameraMode":{"drawMode":0,"name":"Shaded","section":"Shading Mode"},"sceneLighting":true,"audioPlay":false,"sceneViewState":{"showFog":false,"showMaterialUpdate":false,"showSkybox":false,"showFlares":false,"showImageEffects":false,"showParticleSystems":false},"in2DMode":false,"pivot":{"x":1.5399999618530274,"y":0.9700000286102295,"z":0.699999988079071},"rotation":{"x":-0.14518626034259797,"y":0.8295084834098816,"z":-0.2528057098388672,"w":-0.4764765501022339},"size":2.154703140258789,"orthographic":false}