{"cameraMode":{"drawMode":0,"name":"Shaded","section":"Shading Mode"},"sceneLighting":true,"audioPlay":false,"sceneViewState":{"showFog":false,"showMaterialUpdate":false,"showSkybox":false,"showFlares":false,"showImageEffects":false,"showParticleSystems":false},"in2DMode":false,"pivot":{"x":-2.6685824394226076,"y":-0.8379781246185303,"z":1.079859733581543},"rotation":{"x":0.2672019600868225,"y":-0.28396618366241457,"z":0.09581273794174195,"w":0.9165137410163879},"size":6.154296398162842,"orthographic":false}