{"cameraMode":{"drawMode":0,"name":"Shaded","section":"Shading Mode"},"sceneLighting":true,"audioPlay":false,"sceneViewState":{"showFog":false,"showMaterialUpdate":false,"showSkybox":false,"showFlares":false,"showImageEffects":false,"showParticleSystems":false},"in2DMode":false,"pivot":{"x":-1.9750970602035523,"y":1.1153321266174317,"z":0.7437654137611389},"rotation":{"x":-0.2344146966934204,"y":0.2405979484319687,"z":-0.07021352648735047,"w":-0.9398117065429688},"size":6.251692771911621,"orthographic":false}