{"cameraMode":{"drawMode":0,"name":"Shaded","section":"Shading Mode"},"sceneLighting":true,"audioPlay":false,"sceneViewState":{"showFog":false,"showMaterialUpdate":false,"showSkybox":false,"showFlares":false,"showImageEffects":false,"showParticleSystems":false},"in2DMode":false,"pivot":{"x":0.06443586200475693,"y":0.3088211715221405,"z":-1.9605544805526734},"rotation":{"x":-0.0061439815908670429,"y":-0.8623189926147461,"z":0.507173478603363,"w":0.009246236644685269},"size":0.24917782843112946,"orthographic":false}