{"cameraMode":{"drawMode":0,"name":"Shaded","section":"Shading Mode"},"sceneLighting":false,"audioPlay":false,"sceneViewState":{"showFog":false,"showMaterialUpdate":false,"showSkybox":false,"showFlares":false,"showImageEffects":false,"showParticleSystems":false},"in2DMode":false,"pivot":{"x":2.2719593048095705,"y":1.972000002861023,"z":-2.014509916305542},"rotation":{"x":-0.0705055221915245,"y":-0.9356362223625183,"z":0.2860983908176422,"w":-0.1967562437057495},"size":1.4305996894836426,"orthographic":false}