{"cameraMode":{"drawMode":0,"name":"Shaded","section":"Shading Mode"},"sceneLighting":true,"audioPlay":false,"sceneViewState":{"showFog":false,"showMaterialUpdate":false,"showSkybox":false,"showFlares":false,"showImageEffects":false,"showParticleSystems":false},"in2DMode":false,"pivot":{"x":-2.138606548309326,"y":0.9927895665168762,"z":1.021802306175232},"rotation":{"x":0.2887454926967621,"y":-0.2880667448043823,"z":0.10247743874788284,"w":0.907791018486023},"size":1.2068166732788087,"orthographic":false}