{"cameraMode":{"drawMode":0,"name":"Shaded","section":"Shading Mode"},"sceneLighting":true,"audioPlay":false,"sceneViewState":{"showFog":false,"showMaterialUpdate":false,"showSkybox":false,"showFlares":false,"showImageEffects":false,"showParticleSystems":false},"in2DMode":false,"pivot":{"x":0.012509733438491822,"y":0.7645835876464844,"z":-1.9737756252288819},"rotation":{"x":-0.11525670439004898,"y":0.7429795265197754,"z":-0.14805281162261964,"w":-0.6432622671127319},"size":1.0130131244659424,"orthographic":false}